movement_prediction,knee_prediction,elbow_prediction
7.11657853603363,1,1
6.470132126808166,1,1
7.097423324584961,1,1
6.954757437705994,1,1
5.903032479286194,1,1
6.64537250995636,1,1
6.612134971618652,1,1
6.3321091747283935,1,1
6.538627619743347,1,1
6.414175758361816,1,1
6.171122164726257,1,1
5.895577449798584,1,1
4.852239370346069,1,1
4.841026253700257,1,1
4.877845497131348,1,1
4.973760962486267,1,1
5.096540312767029,1,1
5.125702414512634,1,1
5.000338740348816,1,1
5.486360025405883,1,1
5.881502299308777,1,1
6.01669858455658,1,1
6.8381882524490365,1,1
6.9835617637634275,1,1
7.086182112693787,1,1
7.207163705825806,1,1
7.169756464958191,1,1
7.373835339546203,1,1
7.384550271034241,1,1
7.479650468826295,1,1
7.500181202888489,1,1
7.499445323944092,1,1
7.445331058502197,1,1
7.419843411445618,1,1
7.46580518245697,1,1
7.320754790306092,1,1
7.168390288352967,1,1
7.221725168228149,1,1
6.762601933479309,1,1
6.6729530382156375,1,1
6.372148079872131,1,1
6.421763319969177,1,1
6.47631902217865,1,1
6.50431706905365,1,1
6.579976172447204,1,1
6.7021783924102785,1,1
6.880620861053467,1,1
7.015240654945373,1,1
6.934815807342529,1,1
6.696428289413452,1,1
6.508047270774842,1,1
6.105720076560974,1,1
6.0983342981338495,1,1
6.058541703224182,1,1
6.121368389129639,1,1
6.067807941436767,1,1
6.126649198532105,1,1
6.363895058631897,1,1
6.467628054618835,1,1
6.628575434684754,1,1
6.648980574607849,1,1
6.5192013311386106,1,1
6.331348500251769,1,1
6.2768395805358885,1,1
6.093944234848022,1,1
5.987849760055543,1,1
5.4761491823196415,1,1
5.188520655632019,1,1
5.1985349416732785,1,1
5.125771369934082,1,1
5.1645180082321165,1,1
5.2632814884185795,1,1
5.303642230033875,1,1
5.162056899070739,1,1
5.1855193567276,1,1
5.237840633392334,1,1
5.301627292633057,1,1
5.531268496513366,1,1
5.709915108680725,1,1
5.707262291908265,1,1
5.680021643638611,1,1
5.660191526412964,1,1
5.713715362548829,1,1
5.6309509754180915,1,1
5.671673641204833,1,1
5.744374341964722,1,1
5.70673216342926,1,1
5.787628798484802,1,1
5.776267027854919,1,1
5.810774827003479,1,1
5.946302323341369,1,1
5.825664095878601,1,1
5.920952653884887,1,1
5.9214095115661625,1,1
5.985399594306946,1,1
5.684312705993652,1,1
5.8167519903182985,1,1
5.675027775764465,1,1
5.771101236343384,1,1
5.826531472206115,1,1
5.810615100860596,1,1
5.3871616888046265,1,1
5.467909507751465,1,1
5.408670773506165,1,1
5.54596806049347,1,1
5.651718564033509,1,1
5.561075930595398,1,1
5.353372359275818,1,1
5.043314833641052,1,1
5.170483841896058,1,1
5.389991617202758,1,1
5.406791954040527,1,1
5.4612847471237185,1,1
5.629588584899903,1,1
5.854669432640076,1,1
5.754967317581176,1,1
5.7688991785049435,1,1
5.847082419395447,1,1
5.6715943717956545,1,1
5.5658790349960325,1,1
5.592636604309082,1,1
5.417779579162598,1,1
5.5553003025054934,1,1
5.533332724571228,1,1
5.513699145317078,1,1
5.636469955444335,1,1
5.612863965034485,1,1
5.787374491691589,1,1
5.925913515090942,1,1
5.751221151351929,1,1
5.618493485450745,1,1
5.673585758209228,1,1
5.755701904296876,1,1
5.774675841331481,1,1
6.157428288459778,1,1
6.230789546966553,1,1
5.626726880073548,1,1
5.503967990875244,1,1
5.592460169792176,1,1
5.511410474777222,1,1
5.679960918426513,1,1
6.037965602874756,1,1
6.571455087661743,1,1
5.321542367935181,1,1
5.4437628173828125,1,1
5.248943648338318,1,1
5.4100723695755,1,1
5.352745180130005,1,1
5.348330760002137,1,1
5.394369583129883,1,1
5.324557700157165,1,1
5.4250134134292605,1,1
5.557363405227662,1,1
5.875115871429443,1,1
5.607472271919251,1,1
5.6803437519073485,1,1
5.9758151912689215,1,1
5.818147587776184,1,1
5.670294690132142,1,1
5.614187226295471,1,1
6.071176681518555,1,1
5.988425407409668,1,1
5.965477194786072,1,1
5.903096280097961,1,1
5.756516342163086,1,1
5.786760063171387,1,1
5.71835732460022,1,1
5.878970904350281,1,1
5.840568947792053,1,1
5.5496033191680905,1,1
5.515777502059937,1,1
5.570544567108154,1,1
5.717902092933654,1,1
5.766500873565674,1,1
4.82793906211853,1,1
5.117774848937988,1,1
5.436051988601685,1,1
5.597718424797058,1,1
5.728923115730286,1,1
5.494354276657104,1,1
5.486916537284851,1,1
5.58069338798523,1,1
5.5882200050354,1,1
5.24705439567566,1,1
5.425375084877014,1,1
5.780307412147522,1,1
5.787684698104858,1,1
5.773640995025635,1,1
5.613658289909363,1,1
5.37257495880127,1,1
5.179648914337157,1,1
5.203547711372376,1,1
5.278779697418214,1,1
5.046635637283325,1,1
5.32290192604065,1,1
5.259440140724182,1,1
5.433431563377381,1,1
5.707646460533142,1,1
5.739997596740723,1,1
5.720754952430725,1,1
5.900858044624329,1,1
5.946639823913574,1,1
5.959771475791932,1,1
5.944153461456299,1,1
5.858454828262329,1,1
5.859934945106506,1,1
5.866763134002685,1,1
5.90354088306427,1,1
5.953147816658021,1,1
6.0864397192001345,1,1
6.057533211708069,1,1
6.205094065666199,1,1
6.536609954833985,1,1
6.487817497253418,1,1
6.470611357688904,1,1
6.503730731010437,1,1
6.496264777183533,1,1
6.642663912773132,1,1
6.661598138809204,1,1
6.627270121574401,1,1
6.623969731330872,1,1
6.53962399482727,1,1
6.576413969993592,1,1
6.573850464820862,1,1
6.583122196197509,1,1
6.532442378997803,1,1
6.883742127418518,1,1
6.994641394615173,1,1
6.872524886131287,1,1
6.67255886554718,1,1
6.465475735664368,1,1
6.570803642272949,1,1
6.609807209968567,1,1
6.538369088172913,1,1
6.469052634239197,1,1
6.239795026779175,1,1
5.819579524993896,1,1
5.409968643188476,1,1
5.184707446098328,1,1
6.097345204353333,1,1
6.597035818099975,1,1
6.071288566589356,1,1
6.2345725107193,1,1
6.231891140937805,1,1
6.274210276603698,1,1
6.384870924949645,1,1
6.5614445018768315,1,1
6.675957479476929,1,1
6.4359049987792964,1,1
6.515680537223815,1,1
6.446794834136963,1,1
6.391561222076416,1,1
6.251905064582825,1,1
6.387597765922546,1,1
6.417148032188415,1,1
6.6070970439910885,1,1
6.868667511940002,1,1
6.906506114006042,1,1
6.719024648666382,1,1
6.585563879013062,1,1
6.550498566627502,1,1
6.504997143745422,1,1
6.21128098487854,1,1
6.647537941932678,1,1
6.338666529655456,1,1
6.33951328754425,1,1
5.7807929849624635,1,1
5.62302381515503,1,1
5.824287304878235,1,1
5.749511094093323,1,1
5.541149287223815,1,1
5.244186730384827,1,1
6.232965393066406,1,1
5.873376016616821,1,1
5.679374341964722,1,1
5.571232891082763,1,1
5.42252215385437,1,1
5.468877520561218,1,1
5.815999617576599,1,1
6.053240857124329,1,1
6.0816411209106445,1,1
6.130625252723695,1,1
6.384816617965699,1,1
6.350614042282105,1,1
6.297475686073303,1,1
6.309376916885376,1,1
6.544860320091248,1,1
6.580632181167602,1,1
6.518338704109192,1,1
6.450192956924439,1,1
6.396959981918335,1,1
6.304361896514893,1,1
6.038397841453552,1,1
6.116887645721436,1,1
6.0656486606597895,1,1
5.982855911254882,1,1
6.079563183784485,1,1
5.724058408737182,1,1
5.844614000320434,1,1
6.251005716323853,1,1
6.081302351951599,1,1
6.320314178466797,1,1
6.225730223655701,1,1
6.0519081354141235,1,1
5.880946321487427,1,1
5.782014656066894,1,1
5.842682318687439,1,1
5.79654230594635,1,1
5.646083216667176,1,1
5.686469941139221,1,1
5.558528304100037,1,1
5.499725236892701,1,1
5.382295727729797,1,1
5.530533766746521,1,1
5.534491739273071,1,1
5.481545557975769,1,1
5.161620044708252,1,1
4.7063844203948975,1,1
4.753092231750489,1,1
4.778843383789063,1,1
4.789932675361634,1,1
4.818838629722595,1,1
4.815898952484131,1,1
4.817103896141052,1,1
4.828665814399719,1,1
4.827690629959107,1,1
4.83198851108551,1,1
4.818195190429687,1,1
4.803261656761169,1,1
4.781988434791565,1,1
4.750098333358765,1,1
4.704474692344665,1,1
4.665147266387939,1,1
4.6262740135192875,1,1
4.525715909004211,1,1
4.512547030448914,1,1
4.501385354995728,1,1
4.511340703964233,1,1
4.5231260442733765,1,1
4.585627999305725,1,1
4.530019855499267,1,1
4.530013804435731,1,1
4.576374816894532,1,1
4.520770454406739,1,1
4.509695076942444,1,1
4.565810031890869,1,1
4.528060884475708,1,1
4.677380366325378,1,1
4.775323643684388,1,1
4.865481743812561,1,1
4.846907148361206,1,1
4.905078468322754,1,1
5.217726106643677,1,1
5.23011483669281,1,1
5.05889597415924,1,1
5.2631864166259765,1,1
5.272804818153381,1,1
5.249528279304505,1,1
5.243207325935364,1,1
4.549958276748658,1,1
4.485125660896301,1,1
4.471368136405945,1,1
4.411316549777984,1,1
4.425028231143951,1,1
4.2959161901474,1,1
4.314777345657348,1,1
4.267497007846832,1,1
4.257384397983551,1,1
4.225756454467773,1,1
4.212006471157075,1,1
4.211611449718475,1,1
4.222037427425384,1,1
4.22958270072937,1,1
4.233634066581725,1,1
4.241889865398408,1,1
4.250188038349151,1,1
4.244605882167816,1,1
4.254270277023316,1,1
4.265883748531342,1,1
4.28477742433548,1,1
4.3097355580329895,1,1
4.315206325054168,1,1
4.385094654560088,1,1
4.46637139081955,1,1
4.504528512954712,1,1
4.536552276611328,1,1
4.596397309303283,1,1
4.6651171827316285,1,1
4.765880517959594,1,1
4.896263289451599,1,1
5.2978479766845705,1,1
5.449844789505005,1,1
5.644938621520996,1,1
6.171537451744079,1,1
6.33430926322937,1,1
6.452914962768555,1,1
6.737730956077576,1,1
6.581383872032165,1,1
6.489148354530334,1,1
6.501139407157899,1,1
6.649832286834717,1,1
6.379231333732605,1,1
6.3044449138641365,1,1
6.127847661972046,1,1
6.135368432998657,1,1
6.003930478096008,1,1
5.4797977399826046,1,1
5.405977911949158,1,1
5.136211500167846,1,1
5.034599685668946,1,1
5.094894165992737,1,1
5.050581021308899,1,1
5.155368127822876,1,1
5.0806909894943235,1,1
5.092317433357239,1,1
5.087901787757874,1,1
5.036863074302674,1,1
5.003837599754334,1,1
4.93748957157135,1,1
4.912694435119629,1,1
4.970112085342407,1,1
5.000222840309142,1,1
4.975968670845032,1,1
4.94751003742218,1,1
4.967088680267334,1,1
4.928799824714661,1,1
4.98629707813263,1,1
4.989382944107056,1,1
5.046640882492065,1,1
5.054320168495178,1,1
4.976566672325134,1,1
4.974200806617738,1,1
4.976629085540772,1,1
4.9950608634948725,1,1
5.026167097091674,1,1
4.9984834051132205,1,1
4.944179244041443,1,1
4.934690146446228,1,1
4.9557292985916135,1,1
4.868335862159729,1,1
4.772214326858521,1,1
4.823605599403381,1,1
4.836864910125732,1,1
4.828066821098328,1,1
4.806551041603088,1,1
4.784198541641235,1,1
4.78184600353241,1,1
4.778155097961426,1,1
4.772576947212219,1,1
4.79462763786316,1,1
4.857296361923218,1,1
4.94625880241394,1,1
4.987430462837219,1,1
5.0072847890853875,1,1
5.05453426361084,1,1
5.0747004413604735,1,1
5.089499416351318,1,1
5.089968781471253,1,1
5.158229727745056,1,1
5.134187521934509,1,1
5.190202507972717,1,1
5.245050859451293,1,1
5.38204243183136,1,1
5.512920951843262,1,1
5.495348868370057,1,1
5.54719220161438,1,1
5.440611214637757,1,1
5.512215833663941,1,1
5.444149112701416,1,1
5.671269073486329,1,1
5.691026239395141,1,1
5.815790209770203,1,1
5.786621260643005,1,1
5.774948358535767,1,1
5.731734013557434,1,1
5.8531718444824214,1,1
5.866375155448914,1,1
5.703458604812623,1,1
5.6717974662780755,1,1
5.438538594245911,1,1
5.411435346603393,1,1
5.506292634010315,1,1
5.428125076293945,1,1
5.38438226222992,1,1
5.431692385673523,1,1
5.570175848007203,1,1
5.637466659545899,1,1
5.564214763641358,1,1
5.527249894142151,1,1
5.539228630065918,1,1
5.30280764579773,1,1
5.394772987365723,1,1
5.516663279533386,1,1
5.413264036178589,1,1
5.4328213930130005,1,1
5.223192138671875,1,1
5.141508288383484,1,1
5.2476012229919435,1,1
5.412498526573181,1,1
5.751215667724609,1,1
5.633208031654357,1,1
5.447471795082092,1,1
5.54780505657196,1,1
5.3378015947341915,1,1
4.98161367893219,1,1
5.0896382951736445,1,1
5.089133591651916,1,1
5.233705010414123,1,1
5.383084812164308,1,1
5.1891789674758915,1,1
5.26636920928955,1,1
5.46043480873108,1,1
5.329649796485901,1,1
5.2741721773147585,1,1
5.1345896768569945,1,1
5.0159374570846555,1,1
5.0435837411880495,1,1
5.245500407218933,1,1
5.40408127784729,1,1
5.620178570747376,1,1
5.712442088127136,1,1
5.869658918380737,1,1
5.92838445186615,1,1
5.823777966499328,1,1
5.753632326126098,1,1
5.628740253448486,1,1
5.563198475837708,1,1
5.4502770137786865,1,1
5.405312905311584,1,1
5.31414822101593,1,1
5.281749138832092,1,1
5.405140180587768,1,1
5.198809757232667,1,1
5.095267639160157,1,1
5.035483751296997,1,1
4.976062269210816,1,1
4.784344778060913,1,1
4.736191434860229,1,1
4.6991104316711425,1,1
4.8109457969665534,1,1
4.842958416938782,1,1
4.935230545997619,1,1
5.119868302345276,1,1
5.360848174095153,1,1
5.359837255477906,1,1
5.364214944839478,1,1
5.274038166999817,1,1
5.2751626205444335,1,1
4.92400848865509,1,1
5.103818106651306,1,1
4.843270282745362,1,1
5.075666575431824,1,1
5.150281696319579,1,1
5.188216271400451,1,1
5.062925524711609,1,1
4.972777700424194,1,1
4.935371308326721,1,1
4.8666508007049565,1,1
4.735764713287354,1,1
5.139094533920288,1,1
4.89417788028717,1,1
4.967813086509705,1,1
4.96479012966156,1,1
4.926489844322205,1,1
4.854993433952331,1,1
4.799512205123902,1,1
4.857619934082031,1,1
4.832432389259338,1,1
4.975539073944091,1,1
5.0840852737426765,1,1
5.265121474266053,1,1
5.392341594696045,1,1
5.212874851226807,1,1
5.15906792640686,1,1
5.085047674179077,1,1
4.988039321899414,1,1
5.004410028457642,1,1
5.063591084480286,1,1
5.174002323150635,1,1
5.348030958175659,1,1
5.5643588018417365,1,1
5.64452871799469,1,1
5.570160098075867,1,1
5.632169513702393,1,1
5.463982753753662,1,1
5.478553910255432,1,1
5.551513695716858,1,1
5.5343902921676635,1,1
5.811815929412842,1,1
5.536389102935791,1,1
6.604845838546753,1,1
5.623383297920227,1,1
5.496093893051148,1,1
5.591862597465515,1,1
5.547612900733947,1,1
5.924405035972595,1,1
6.239543991088867,1,1
5.906598191261292,1,1
6.114350905418396,1,1
6.176822552680969,1,1
5.984418168067932,1,1
6.052905764579773,1,1
5.926311807632446,1,1
6.105711154937744,1,1
5.8061851978301995,1,1
6.041819529533386,1,1
5.91397201538086,1,1
5.623404188156128,1,1
5.4354644203186036,1,1
5.6841983175277715,1,1
5.844557685852051,1,1
5.6991617441177365,1,1
5.236251697540283,1,1
5.241675090789794,1,1
5.474971685409546,1,1
5.711284942626953,1,1
5.868994412422181,1,1
6.139924325942993,1,1
5.8078366994857795,1,1
5.667298517227173,1,1
5.581087040901184,1,1
5.7152457571029665,1,1
5.688923869132996,1,1
5.587717428207398,1,1
5.580331778526306,1,1
5.183776788711548,1,1
5.303680763244628,1,1
5.532870826721192,1,1
5.643460779190063,1,1
6.232829203605652,1,1
5.92085274219513,1,1
6.035139746665955,1,1
6.873080773353577,1,1
6.6903641891479495,1,1
6.2175472068786615,1,1
6.06171226978302,1,1
6.457197604179383,1,1
6.8310845708847046,1,1
6.203430805206299,1,1
5.5170801162719725,1,1
5.588311471939087,1,1
6.09755925655365,1,1
6.131038608551025,1,1
6.268185276985168,1,1
6.856884756088256,1,1
6.860691080093384,1,1
6.533921890258789,1,1
6.365501794815064,1,1
6.3251912832260135,1,1
5.741483187675476,1,1
5.711624789237976,1,1
5.791961245536804,1,1
6.336591181755066,1,1
6.597421145439148,1,1
6.532607884407044,1,1
6.212483410835266,1,1
6.101122126579285,1,1
5.6515994024276734,1,1
5.439099059104919,1,1
5.480586547851562,1,1
5.4091295337677,1,1
6.068773913383485,1,1
6.051180601119995,1,1
6.024626445770263,1,1
5.726730194091797,1,1
5.530977821350097,1,1
5.353063936233521,1,1
5.296702032089233,1,1
5.25744366645813,1,1
5.114196767807007,1,1
4.754498138427735,1,1
5.1497028350830085,1,1
6.162235560417175,1,1
6.112750086784363,1,1
6.078214015960693,1,1
6.31115080833435,1,1
6.017309103012085,1,1
6.636762075424194,1,1
6.736556625366211,1,1
6.593212833404541,1,1
6.466020021438599,1,1
6.183332476615906,1,1
5.724105625152588,1,1
4.902593092918396,1,1
4.737760839462281,1,1
4.690857396125794,1,1
4.717909097671509,1,1
4.672897281646728,1,1
4.6686459112167356,1,1
4.643244795799255,1,1
4.669529900550842,1,1
4.635255689620972,1,1
4.672685713768006,1,1
4.627138814926147,1,1
4.599054036140442,1,1
4.5659867906570435,1,1
4.520106964111328,1,1
4.495205645561218,1,1
4.46606372833252,1,1
4.437179946899414,1,1
4.427983756065369,1,1
4.5040342903137205,1,1
4.456574583053589,1,1
4.433594717979432,1,1
4.428362674713135,1,1
4.451437020301819,1,1
4.507251543998718,1,1
4.460459480285644,1,1
4.477137775421143,1,1
4.457230072021485,1,1
4.421964392662048,1,1
4.433757886886596,1,1
4.450649843215942,1,1
4.441595840454102,1,1
4.449555664062499,1,1
4.478235087394714,1,1
4.512536935806274,1,1
4.528534832000732,1,1
4.553001470565796,1,1
4.545195512771606,1,1
4.573907508850097,1,1
4.63647126197815,1,1
4.71865993976593,1,1
4.818288741111756,1,1
4.950426464080811,1,1
5.007277708053589,1,1
5.066712007522582,1,1
5.049536590576172,1,1
5.037939367294312,1,1
4.960232172012329,1,1
4.921345071792603,1,1
4.882222542762756,1,1
4.899804348945618,1,1
4.911321153640747,1,1
4.93768717288971,1,1
4.992313551902772,1,1
4.986594133377075,1,1
4.940076627731323,1,1
4.903616766929627,1,1
4.8720835065841674,1,1
4.825795683860779,1,1
4.756038002967834,1,1
4.74486572265625,1,1
4.749929656982422,1,1
4.732523822784424,1,1
4.747793917655946,1,1
4.735242195129395,1,1
4.739546627998353,1,1
4.751958250999451,1,1
4.789451661109925,1,1
4.777253723144531,1,1
4.745347843170166,1,1
4.738758697509765,1,1
4.740742583274841,1,1
4.755597295761108,1,1
4.788055820465088,1,1
4.770812273025513,1,1
4.816152653694153,1,1
4.8772863674163816,1,1
4.979664783477784,1,1
4.919304909706116,1,1
5.033476104736328,1,1
5.034129009246826,1,1
4.760290722846985,1,1
4.766930708885193,1,1
4.825198864936828,1,1
5.10337450504303,1,1
5.141497230529785,1,1
5.191579689979553,1,1
5.268950271606445,1,1
5.373510756492615,1,1
5.528999009132385,1,1
5.837985682487488,1,1
6.920073142051697,1,1
6.808197073936462,1,1
6.604959201812744,1,1
6.260348305702209,1,1
6.348431782722473,1,1
6.359541034698486,1,1
6.4948516464233395,1,1
6.542211394309997,1,1
5.863025336265563,1,1
5.713790416717529,1,1
6.3928047990798955,1,1
5.903360776901245,1,1
6.49221643447876,1,1
5.82672800540924,1,1
5.867779169082642,1,1
5.139632849693298,1,1
4.952885298728942,1,1
4.99061140537262,1,1
5.124667019844056,1,1
5.170717325210571,1,1
5.183674173355103,1,1
5.240771918296814,1,1
5.304759793281555,1,1
5.558544745445252,1,1
5.451614718437195,1,1
5.373666090965271,1,1
5.293297801017761,1,1
5.213977236747741,1,1
5.179062857627868,1,1
5.1120334291458125,1,1
5.093661971092224,1,1
6.440055627822876,1,1
6.333869037628173,1,1
5.928469200134277,1,1
5.410480217933655,1,1
5.255464811325073,1,1
5.0986211442947384,1,1
5.142997856140137,1,1
5.140745124816895,1,1
5.041689825057984,1,1
5.014405841827393,1,1
5.079614939689637,1,1
5.006365103721619,1,1
4.975371961593628,1,1
4.996621055603027,1,1
5.045267515182495,1,1
5.0455281448364255,1,1
5.0329759979248045,1,1
5.030814070701599,1,1
4.85970859527588,1,1
4.867486443519592,1,1
5.051737208366394,1,1
5.086271400451659,1,1
5.116375570297241,1,1
5.455402474403382,1,1
5.41868224620819,1,1
5.494043622016907,1,1
5.605367612838745,1,1
6.186431612968445,1,1
6.125079793930054,1,1
6.256628012657165,1,1
5.875591444969178,1,1
5.897828006744385,1,1
6.570698041915893,1,1
6.660492033958436,1,1
6.892713975906372,1,1
6.9176500701904295,1,1
6.277254400253296,1,1
7.069140791893005,1,1
7.160251617431641,1,1
7.042128310203552,1,1
7.064649839401245,1,1
6.526489663124084,1,1
6.095132751464844,1,1
6.11116904258728,1,1
6.198211207389832,1,1
6.238470840454102,1,1
6.171838393211365,1,1
6.278587098121643,1,1
6.170033288002014,1,1
6.186514568328858,1,1
6.1281161117553715,1,1
6.072267470359803,1,1
6.101413273811341,1,1
6.226201038360596,1,1
6.160089020729066,1,1
6.018175740242004,1,1
6.008951573371887,1,1
6.195926632881164,1,1
6.326206769943237,1,1
6.599398312568665,1,1
6.809802689552306,1,1
6.840098257064819,1,1
6.519713101387024,1,1
6.181859378814697,1,1
6.090815439224244,1,1
5.992232728004456,1,1
5.925054893493652,1,1
5.883564281463623,1,1
5.827565841674804,1,1
5.8093733310699465,1,1
5.779568996429443,1,1
5.755794725418091,1,1
5.771400265693664,1,1
5.8817298173904415,1,1
5.495510239601135,1,1
5.476416487693786,1,1
5.463909482955932,1,1
5.421074786186217,1,1
5.427730822563172,1,1
5.447617850303651,1,1
5.442402982711792,1,1
5.44238353729248,1,1
5.44269615650177,1,1
5.439356021881103,1,1
5.43100709438324,1,1
5.424355740547179,1,1
5.418954691886902,1,1
5.406524991989135,1,1
5.392128510475159,1,1
5.377736983299256,1,1
5.373555326461792,1,1
5.383104186058045,1,1
5.398150639533997,1,1
5.426963186264038,1,1
5.025006365776062,1,1
5.100164370536804,1,1
5.147668991088867,1,1
5.177843050956726,1,1
5.213762736320495,1,1
5.2331917238235475,1,1
5.258743443489075,1,1
5.2803756570816045,1,1
5.303841972351075,1,1
5.32669310092926,1,1
5.333491854667663,1,1
5.345232968330383,1,1
5.3534220027923585,1,1
5.354346051216125,1,1
5.351421189308167,1,1
5.352930335998535,1,1
5.348998951911927,1,1
5.349416575431824,1,1
5.336588683128356,1,1
5.32237373828888,1,1
5.3166765165328975,1,1
5.307424688339234,1,1
5.306520252227783,1,1
5.3108778572082525,1,1
5.277681407928467,1,1
5.248022208213806,1,1
5.231317386627198,1,1
5.227307939529419,1,1
5.215811667442322,1,1
5.2004092407226565,1,1
5.202864260673524,1,1
5.20608015537262,1,1
5.205598282814027,1,1
4.699617753028869,1,1
4.747520480155945,1,1
4.776138720512391,1,1
4.787349891662597,1,1
4.720746097564698,1,1
4.675596213340759,1,1
4.727426552772522,1,1
4.757625894546509,1,1
4.772975506782531,1,1
4.767702441215516,1,1
4.769751253128051,1,1
4.786221265792847,1,1
4.775833024978638,1,1
4.774108681678772,1,1
4.763331723213196,1,1
4.776072707176208,1,1
4.748837356567384,1,1
4.74799186706543,1,1
4.743180232048035,1,1
4.740836133956909,1,1
4.735419883728028,1,1
4.7350070095062256,1,1
4.724573101997375,1,1
4.701622548103332,1,1
4.668051614761353,1,1
4.65783959388733,1,1
4.8793928956985475,1,1
4.978000040054321,1,1
5.03304268360138,1,1
5.117789692878723,1,1
5.219199242591857,1,1
5.412944846153259,1,1
5.61106098651886,1,1
5.666199126243591,1,1
6.0335378026962285,1,1
5.840503129959107,1,1
6.807335233688355,1,1
7.446215739250183,1,1
7.173621635437012,1,1
5.780470700263978,1,1
5.792488236427307,1,1
6.636704211235047,1,1
5.52869523048401,1,1
5.4480486011505125,1,1
5.4526713180541995,1,1
5.4389118957519536,1,1
5.426538205146789,1,1
5.409926652908325,1,1
5.39927457332611,1,1
5.431505918502808,1,1
5.426447448730469,1,1
5.424015035629273,1,1
5.41831865310669,1,1
5.538817596435547,1,1
5.533352913856507,1,1
5.5898393678665155,1,1
5.584759263992309,1,1
5.582140827178955,1,1
5.580496568679809,1,1
5.578836817741394,1,1
5.5561448097229,1,1
5.352837810516357,1,1
5.3632155752182005,1,1
5.393057475090027,1,1
5.4575710439682,1,1
5.501657438278198,1,1
5.512270917892456,1,1
5.577977800369263,1,1
5.596450581550598,1,1
5.607805986404419,1,1
5.641821012496948,1,1
5.653543934822082,1,1
5.63615695476532,1,1
5.6434235095977785,1,1
5.65274257659912,1,1
5.674535460472107,1,1
5.6870567417144775,1,1
5.661293888092041,1,1
5.652999124526977,1,1
5.6262721967697145,1,1
5.609438610076904,1,1
5.601327090263366,1,1
5.60808231830597,1,1
5.576824083328248,1,1
5.572394909858704,1,1
5.5448332786560055,1,1
5.513336291313172,1,1
5.453880352973938,1,1
5.437033576965332,1,1
5.425619831085205,1,1
5.443857455253601,1,1
5.370662565231323,1,1
5.38170693397522,1,1
5.403884272575379,1,1
5.3269577932357794,1,1
5.439219160079956,1,1
5.4429316806793215,1,1
5.328248367309571,1,1
5.3605659341812135,1,1
5.450207676887512,1,1
5.355470705032349,1,1
4.688992776870728,1,1
4.667686848640442,1,1
4.667354302406311,1,1
4.680891642570495,1,1
4.6877819585800165,1,1
4.684173893928528,1,1
4.69616005897522,1,1
4.700903582572938,1,1
4.709101614952088,1,1
4.721857171058655,1,1
4.731316995620728,1,1
4.734202542304993,1,1
4.748782343864441,1,1
4.778225831985473,1,1
4.787706217765808,1,1
4.796946964263917,1,1
4.8468713235855105,1,1
4.868944835662842,1,1
4.883606734275818,1,1
4.882993345260621,1,1
4.899644021987915,1,1
4.836057605743408,1,1
4.765748019218445,1,1
4.72664939403534,1,1
4.736462721824646,1,1
4.745984563827514,1,1
4.7623320484161376,1,1
5.405611343383789,1,1
5.309787473678589,1,1
5.233397903442382,1,1
5.021455154418946,1,1
4.952438912391663,1,1
4.89815001487732,1,1
4.832936244010925,1,1
4.802502784729004,1,1
4.776339874267578,1,1
4.734685854911804,1,1
4.68591007232666,1,1
4.656896166801452,1,1
4.664098777770996,1,1
4.667742037773133,1,1
4.665970578193665,1,1
4.669232358932495,1,1
4.682211503982544,1,1
4.670152506828308,1,1
4.665625367164612,1,1
4.670054316520691,1,1
4.669226093292236,1,1
4.69318989276886,1,1
4.775670566558838,1,1
4.693551282882691,1,1
4.757533597946168,1,1
4.8712444543838505,1,1
5.0871860122680665,1,1
5.006434092521667,1,1
5.325989470481872,1,1
6.5320315408706655,1,1
6.298312859535217,1,1
6.725935339927673,1,1
6.909004173278809,1,1
6.9119850730896,1,1
6.915685663223266,1,1
6.920753321647644,1,1
6.927140412330628,1,1
6.93380645275116,1,1
6.940079817771911,1,1
6.928841662406922,1,1
6.908865256309509,1,1
6.956120500564575,1,1
6.9609740924835215,1,1
6.733004822731018,1,1
6.106517362594605,1,1
5.600248823165893,1,1
5.466974062919617,1,1
4.942312822341919,1,1
4.698405604362488,1,1
4.584818906784058,1,1
4.657621140480042,1,1
4.835153679847718,1,1
4.843689370155335,1,1
4.68359655380249,1,1
4.779274892807007,1,1
4.784231147766113,1,1
4.792735724449158,1,1
4.814549508094787,1,1
4.848535199165344,1,1
4.909026603698731,1,1
4.99868980884552,1,1
5.125940070152282,1,1
5.360985007286072,1,1
4.90897262096405,1,1
4.805827050209045,1,1
4.834344596862794,1,1
4.813645496368409,1,1
4.798209486007691,1,1
4.802231860160827,1,1
4.834728169441224,1,1
4.803215565681457,1,1
5.96627941608429,1,1
6.6548855066299435,1,1
5.429151563644409,1,1
5.441538653373719,1,1
6.1076157808303835,1,1
6.971858801841735,1,1
6.978439269065857,1,1
6.64967125415802,1,1
6.736175713539124,1,1
7.007408843040466,1,1
4.9617620992660525,1,1
5.248125162124634,1,1
5.18461088180542,1,1
5.346180157661438,1,1
4.8039531946182255,1,1
4.718205161094666,1,1
4.673281116485596,1,1
4.68042884349823,1,1
4.6467134332656865,1,1
4.685759530067443,1,1
4.778816428184509,1,1
4.812923440933227,1,1
4.801469812393188,1,1
4.817827038764953,1,1
4.841804313659669,1,1
4.839998092651367,1,1
4.8549010896682745,1,1
4.872793526649476,1,1
4.859969820976257,1,1
4.928110370635986,1,1
4.948156085014343,1,1
4.939597096443176,1,1
5.148716788291932,1,1
5.193847503662109,1,1
5.411943454742431,1,1
5.616720371246338,1,1
5.801300473213196,1,1
5.9416042947769165,1,1
6.234518899917603,1,1
6.411062622070313,1,1
6.320581288337708,1,1
7.076633868217469,1,1
6.917653031349182,1,1
6.97953489780426,1,1
7.064033493995666,1,1
7.091176071166992,1,1
7.036888723373412,1,1
7.093593797683716,1,1
6.272371816635132,1,1
5.0175825166702275,1,1
5.217516651153565,1,1
6.245275030136108,1,1
6.64772916316986,1,1
6.354993386268616,1,1
6.496127619743348,1,1
6.415763702392578,1,1
6.526623606681824,1,1
6.467118649482727,1,1
6.485007052421571,1,1
6.253811664581299,1,1
5.078798251152039,1,1
5.201408162117005,1,1
5.762150306701661,1,1
6.640511231422424,1,1
6.59067578792572,1,1
6.828331694602966,1,1
6.6938432025909425,1,1
6.83727602481842,1,1
6.865413727760314,1,1
7.089933247566223,1,1
6.6828368330001835,1,1
6.660320053100586,1,1
6.745823426246643,1,1
6.60381007194519,1,1
5.734209365844727,1,1
6.0043339967727665,1,1
6.589123196601868,1,1
6.846957812309265,1,1
6.883442721366882,1,1
6.940941557884216,1,1
6.972822079658508,1,1
6.997731647491455,1,1
7.003497323989868,1,1
6.927178606986999,1,1
6.920009937286377,1,1
6.906912174224853,1,1
6.862757954597473,1,1
6.729989509582519,1,1
6.215626707077027,1,1
5.6470657730102545,1,1
6.142258157730103,1,1
6.37847683429718,1,1
6.514333596229553,1,1
6.197609124183655,1,1
6.486364979743957,1,1
6.522412085533142,1,1
6.976597771644592,1,1
6.905298399925231,1,1
6.894770655632019,1,1
6.798370084762573,1,1
6.984906396865845,1,1
6.986297068595887,1,1
6.99950641155243,1,1
7.008918299674988,1,1
6.977997241020203,1,1
6.837255167961121,1,1
6.573664827346802,1,1
6.7914277982711795,1,1
7.270703525543212,1,1
7.43545485496521,1,1
7.585856432914733,1,1
7.624519171714782,1,1
7.676755819320679,1,1
7.731203284263611,1,1
7.785577974319458,1,1
7.820870084762573,1,1
7.836503252983093,1,1
7.624163279533386,1,1
7.890641512870788,1,1
8.13868263721466,1,1
8.072419233322144,1,1
8.043003559112549,1,1
7.435860185623168,1,1
6.948923335075378,1,1
6.829012589454651,1,1
6.738389024734497,1,1
5.937524843215942,1,1
5.952829360961914,1,1
6.467604660987854,1,1
6.608831677436829,1,1
6.432300996780396,1,1
6.141964106559754,1,1
6.007138977050781,1,1
5.535139327049256,1,1
5.609267354011536,1,1
5.662165322303772,1,1
5.654677495956421,1,1
5.642984309196472,1,1
5.859393515586853,1,1
6.527095761299133,1,1
6.757883324623108,1,1
6.568325905799865,1,1
5.709231567382813,1,1
5.232069029808044,1,1
4.9937199687957765,1,1
4.868282470703125,1,1
4.752347683906555,1,1
4.650990505218505,1,1
4.569339809417725,1,1
4.553760080337524,1,1
4.549135870933533,1,1
4.589238758087158,1,1
4.60531171321869,1,1
4.79948673248291,1,1
5.256692523956299,1,1
4.883865342140197,1,1
4.862744903564453,1,1
4.428318514823914,1,1
4.585427680015565,1,1
4.5798089838027956,1,1
4.567727398872376,1,1
4.488125014305115,1,1
4.470986490249634,1,1
4.46682201385498,1,1
4.464193744659424,1,1
4.370230641365051,1,1
4.378009004592895,1,1
4.391601881980897,1,1
4.439304561614991,1,1
4.387071995735168,1,1
4.396109070777893,1,1
4.413344860076904,1,1
4.392343387603759,1,1
4.387320690155029,1,1
4.396760740280151,1,1
4.396180334091186,1,1
4.370821814537049,1,1
4.382303409576416,1,1
4.3688864469528195,1,1
4.3871626329422,1,1
4.390370464324951,1,1
4.4149432229995735,1,1
4.462922558784485,1,1
4.463002629280091,1,1
4.450386481285095,1,1
4.492073059082031,1,1
4.507837533950806,1,1
4.519606504440308,1,1
4.4949239635467535,1,1
4.469764842987061,1,1
4.34710325717926,1,1
4.352552738189697,1,1
4.363974828720092,1,1
4.3763312721252445,1,1
4.406546678543091,1,1
4.443694281578064,1,1
4.462934994697571,1,1
4.449244527816773,1,1
4.445564022064209,1,1
4.4672086763381955,1,1
4.49978952884674,1,1
4.545176157951355,1,1
4.582020740509034,1,1
4.5989806270599365,1,1
4.615589079856873,1,1
4.629861693382264,1,1
4.662219176292419,1,1
4.710214490890503,1,1
4.725850358009339,1,1
4.763987421989441,1,1
4.7774159765243525,1,1
4.810426201820373,1,1
4.8548400640487674,1,1
4.898369178771972,1,1
5.0063922977447515,1,1
4.978671860694885,1,1
5.000758242607117,1,1
4.941951518058778,1,1
5.127861046791077,1,1
5.110530800819397,1,1
5.065749578475952,1,1
4.982197313308715,1,1
4.933266053199768,1,1
4.8001664257049566,1,1
4.739663219451904,1,1
4.76092182636261,1,1
4.744831733703613,1,1
4.725974640846253,1,1
4.726562266349792,1,1
4.6699780035018925,1,1
4.636435332298278,1,1
4.959038224220276,1,1
5.140354323387147,1,1
5.148202729225158,1,1
5.017327399253846,1,1
4.908267097473145,1,1
4.819859237670899,1,1
4.578018660545349,1,1
4.482264361381531,1,1
4.41674213886261,1,1
4.429968228340149,1,1
4.537495594024659,1,1
4.399490852355957,1,1
4.41897322177887,1,1
4.4227412223815925,1,1
4.4137892913818355,1,1
4.426596217155456,1,1
4.363182811737061,1,1
4.35835587978363,1,1
4.312387990951538,1,1
4.359162874221802,1,1
4.255394349098205,1,1
4.291640634536742,1,1
4.402036609649658,1,1
4.450748839378357,1,1
4.475657587051392,1,1
4.4943252658844,1,1
4.519605050086975,1,1
4.511123719215393,1,1
4.501667847633362,1,1
4.4801112651824955,1,1
4.4661197853088375,1,1
4.445832605361939,1,1
4.400748720169068,1,1
4.450525803565979,1,1
4.475233426094055,1,1
4.537281217575073,1,1
4.598111190795898,1,1
4.6839310836792,1,1
4.736270532608032,1,1
4.759755086898803,1,1
4.750319981575013,1,1
4.803948445320129,1,1
4.871233882904052,1,1
4.846477646827697,1,1
4.8618891954422,1,1
4.86716595172882,1,1
4.846202130317687,1,1
4.969883990287781,1,1
5.064966607093811,1,1
5.058804187774658,1,1
5.280616631507874,1,1
5.40626048564911,1,1
5.631169962882996,1,1
5.707444081306457,1,1
5.709414677619934,1,1
5.740848817825317,1,1
5.715493001937867,1,1
5.6904818105697625,1,1
5.694492573738097,1,1
5.695657858848572,1,1
5.858349661827088,1,1
6.0588972997665405,1,1
6.095263423919677,1,1
6.083442177772522,1,1
6.1250767993927,1,1
6.113877205848694,1,1
6.129483170509339,1,1
6.0905347299575805,1,1
5.985737209320068,1,1
5.911012330055238,1,1
5.881589045524597,1,1
5.918013582229614,1,1
5.854862523078918,1,1
5.809498901367188,1,1
5.761616806983948,1,1
5.715512804985046,1,1
5.663070721626282,1,1
5.624744820594788,1,1
5.57398334980011,1,1
5.637102308273315,1,1
5.635694036483764,1,1
5.649220952987671,1,1
5.628763270378113,1,1
5.608635268211365,1,1
5.584393382072449,1,1
5.56359836101532,1,1
5.559441299438477,1,1
5.539473619461059,1,1
5.51757420539856,1,1
5.590248126983642,1,1
5.58760947227478,1,1
5.56115234375,1,1
5.555090861320496,1,1
5.585086574554444,1,1
5.638129930496216,1,1
5.632857160568237,1,1
5.686320524215699,1,1
5.75557213306427,1,1
5.735349044799805,1,1
5.715122947692871,1,1
5.679390916824341,1,1
5.692798590660095,1,1
5.762900567054748,1,1
5.802336635589599,1,1
5.816681823730469,1,1
5.816500005722046,1,1
5.803464646339417,1,1
5.686891040802002,1,1
5.760185985565186,1,1
6.014791502952576,1,1
6.307111430168151,1,1
6.589114670753479,1,1
6.785679407119751,1,1
6.981112880706787,1,1
7.049683318138124,1,1
7.159290685653687,1,1
7.273238177299499,1,1
7.173736906051635,1,1
6.775518465042113,1,1
5.942866358757019,1,1
5.803616328239441,1,1
5.73428069114685,1,1
5.783200907707215,1,1
5.784860978126526,1,1
5.787064819335938,1,1
5.7685129785537725,1,1
5.745126385688782,1,1
5.721417455673217,1,1
5.588594255447388,1,1
5.535576853752136,1,1
5.468830089569092,1,1
5.4818088388443,1,1
5.498045058250428,1,1
5.601913156509399,1,1
5.798807444572448,1,1
6.028474025726318,1,1
6.259741578102112,1,1
6.46811987400055,1,1
6.585226197242736,1,1
6.768495888710023,1,1
6.9299089002609255,1,1
7.091755065917969,1,1
7.11672387123108,1,1
7.143773617744445,1,1
7.0981053924560555,1,1
6.56475670337677,1,1
6.605065302848816,1,1
8.39346272468567,1,1
8.492258124351501,1,1
8.707631201744078,1,1
8.402809739112854,1,1
7.950019783973694,1,1
7.652734360694886,1,1
7.389015250205993,1,1
7.650250253677368,1,1
7.674636178016663,1,1
7.586123261451721,1,1
7.595047745704651,1,1
7.534427700042725,1,1
7.842045798301697,1,1
7.7917798376083365,1,1
7.668083753585815,1,1
7.68962640285492,1,1
7.8038407325744625,1,1
8.061637887954712,1,1
8.079356961250305,1,1
8.616901230812072,1,1
8.802808442115783,1,1
8.88649863243103,1,1
9.349286069869995,1,1
7.925980453491211,1,1
7.881091194152832,1,1
7.744062738418579,1,1
7.699842662811279,1,1
7.67397912979126,1,1
7.768571481704712,1,1
7.667804412841797,1,1
7.6893494606018065,1,1
7.638097829818726,1,1
7.6259466171264645,1,1
7.652866334915161,1,1
7.887882289886474,1,1
8.74094244003296,1,1
8.938481721878052,1,1
9.062510643005371,1,1
9.301185407638549,1,1
9.526244525909423,1,1
9.680699014663697,1,1
9.613277101516722,1,1
9.357496614456176,1,1
8.90642366886139,1,1
8.525753498077393,1,1
8.401068425178527,1,1
8.288097848892212,1,1
8.376297283172606,1,1
8.070354881286622,1,1
8.258209733963014,1,1
8.767442283630372,1,1
8.992778997421265,1,1
8.990691471099854,1,1
8.0056849193573,1,1
6.470901508331298,1,1
5.796634173393249,1,1
5.664926457405091,1,1
5.659850745201111,1,1
5.331908683776856,1,1
5.86748140335083,1,1
5.884030275344848,1,1
5.486014194488526,1,1
5.51446120262146,1,1
5.459936141967773,1,1
5.532932720184326,1,1
5.588750352859497,1,1
5.674053883552551,1,1
5.7129517984390255,1,1
5.762343721389771,1,1
5.753840370178223,1,1
5.728593592643739,1,1
5.728553824424743,1,1
5.902942209243774,1,1
5.703884444236756,1,1
5.2588612079620365,1,1
5.2969793558120735,1,1
5.29807153224945,1,1
5.384629898071289,1,1
5.496395568847657,1,1
5.564548244476319,1,1
5.480350160598755,1,1
5.3608056640625,1,1
5.20775137424469,1,1
5.170829520225524,1,1
5.126736831665039,1,1
5.0504451799392704,1,1
5.017045240402222,1,1
4.994009461402893,1,1
4.9824336051940925,1,1
4.964877080917358,1,1
4.884217371940613,1,1
4.856807870864868,1,1
5.053214964866638,1,1
5.039146814346314,1,1
4.550717716217041,1,1
4.549746513366699,1,1
4.531758961677552,1,1
4.517660956382752,1,1
4.509065132141114,1,1
4.513786859512329,1,1
4.393893246650696,1,1
4.3494125175476075,1,1
4.358315162658691,1,1
4.368772058486939,1,1
4.373131852149964,1,1
4.370285573005677,1,1
4.506133408546448,1,1
4.852899518013,1,1
5.03722261428833,1,1
5.187732005119324,1,1
5.276547141075135,1,1
5.26982325553894,1,1
4.846292657852173,1,1
4.622080888748169,1,1
4.628521275520325,1,1
4.622744870185852,1,1
4.621337676048279,1,1
4.630364618301392,1,1
4.675301961898803,1,1
4.5996834087371825,1,1
4.561504673957825,1,1
4.551960859298706,1,1
4.548595695495606,1,1
4.526025652885437,1,1
4.512429475784302,1,1
4.5390197372436525,1,1
4.525828204154969,1,1
4.508672537803649,1,1
4.478177580833435,1,1
4.470949864387512,1,1
4.448023114204407,1,1
4.4297074031829835,1,1
4.440001420974731,1,1
4.462291650772094,1,1
4.466861190795898,1,1
4.475059781074524,1,1
4.48507755279541,1,1
4.503031530380249,1,1
4.523998637199401,1,1
4.562698278427124,1,1
4.610606694221497,1,1
4.627403674125672,1,1
4.616257271766663,1,1
4.598126182556152,1,1
4.6734471607208246,1,1
4.621339049339294,1,1
4.610685529708862,1,1
4.606892499923706,1,1
4.593759889602661,1,1
4.556242866516113,1,1
4.603024969100952,1,1
4.677342329025269,1,1
4.685818881988525,1,1
4.643485679626465,1,1
4.609960298538208,1,1
4.596507196426392,1,1
4.611465816497803,1,1
4.8256387042999265,1,1
4.98262324810028,1,1
5.104630842208863,1,1
5.325826396942139,1,1
5.404558200836181,1,1
5.400221304893494,1,1
5.83195378780365,1,1
6.23636022567749,1,1
6.6228937959671015,1,1
6.442846803665161,1,1
6.191632781028748,1,1
5.86833321094513,1,1
5.6117723226547245,1,1
5.815732688903809,1,1
5.798845500946046,1,1
5.532692065238953,1,1
5.3474095344543455,1,1
5.270176153182984,1,1
5.535192227363586,1,1
5.315520095825195,1,1
5.05277868270874,1,1
4.908858985900879,1,1
4.906476826667786,1,1
4.939383387565613,1,1
5.152841620445251,1,1
5.088330788612366,1,1
5.185144462585449,1,1
5.320079464912414,1,1
5.341880564689636,1,1
5.335194220542908,1,1
5.381146106719971,1,1
5.647420916557312,1,1
5.385186362266541,1,1
5.290299925804138,1,1
5.620372290611267,1,1
5.481804432868957,1,1
5.184261598587037,1,1
6.166166472434998,1,1
5.768300852775575,1,1
5.921356811523438,1,1
6.0567348861694335,1,1
6.143218035697938,1,1
6.103264608383179,1,1
5.9753693151474,1,1
5.5461537599563595,1,1
6.657345590591431,1,1
6.661243162155151,1,1
6.662984666824341,1,1
6.677618031501769,1,1
6.686791706085204,1,1
6.692741050720214,1,1
6.693185381889343,1,1
6.698324747085571,1,1
6.691296973228455,1,1
6.667918395996093,1,1
6.663161907196045,1,1
6.659088349342346,1,1
6.666248807907104,1,1
6.666536269187928,1,1
6.651329236030579,1,1
6.6199729442596436,1,1
6.256575798988342,1,1
6.425859389305114,1,1
6.597762212753295,1,1
6.532029786109924,1,1
6.374732131958009,1,1
6.398557109832764,1,1
6.136409187316895,1,1
6.672438488006591,1,1
6.661397442817687,1,1
6.662025079727172,1,1
6.557274394035339,1,1
6.120893893241883,1,1
5.684520268440247,1,1
5.407642817497254,1,1
5.142233352661133,1,1
4.8810806512832645,1,1
4.5871006727218635,1,1
4.442622776031494,1,1
4.347387838363647,1,1
4.522513079643249,1,1
4.631322445869446,1,1
4.423678917884827,1,1
4.424034504890441,1,1
4.426702198982239,1,1
4.401690034866332,1,1
4.408608317375183,1,1
4.420025696754456,1,1
4.376081461906433,1,1
4.329344120025635,1,1
4.338355655670166,1,1
4.334212265014648,1,1
4.355359745025635,1,1
4.368799195289612,1,1
4.354342994689942,1,1
4.334773473739624,1,1
4.315677514076233,1,1
4.327464256286621,1,1
4.323735227584839,1,1
4.332447800636292,1,1
4.311993961334228,1,1
4.320839757919312,1,1
4.498243637084961,1,1
4.536242299079895,1,1
4.602953624725342,1,1
4.782652416229248,1,1
5.004037976264954,1,1
5.192933297157287,1,1
5.393251419067383,1,1
5.572493276596069,1,1
5.775225839614869,1,1
5.62270221710205,1,1
5.735149817466736,1,1
5.752565550804139,1,1
6.06193338394165,1,1
6.322726368904114,1,1
6.4993510341644285,1,1
6.5982501029968255,1,1
6.769660606384277,1,1
6.82787516117096,1,1
6.8565936851501466,1,1
6.821436314582824,1,1
6.756595907211304,1,1
6.862215847969054,1,1
6.751488938331605,1,1
6.346505799293518,1,1
6.1286691904068,1,1
6.1560009527206425,1,1
6.0975178575515745,1,1
6.167245388031006,1,1
5.904235191345215,1,1
6.308666234016419,1,1
6.348009300231933,1,1
6.296271591186524,1,1
6.1787495422363286,1,1
5.835520758628846,1,1
5.935490913391114,1,1
5.760190572738647,1,1
5.6888218593597415,1,1
5.709536876678467,1,1
5.314233417510986,1,1
5.010565600395203,1,1
5.069171810150147,1,1
6.045544385910034,1,1
6.092958264350891,1,1
4.818876438140869,1,1
4.569387960433961,1,1
4.563521132469178,1,1
4.577266278266906,1,1
4.612716093063355,1,1
4.585936808586121,1,1
4.580028676986695,1,1
4.499406294822693,1,1
4.490548357963561,1,1
4.520930662155152,1,1
4.45471839427948,1,1
4.400289587974548,1,1
4.373956217765809,1,1
4.380465388298035,1,1
4.332015781402588,1,1
4.390452899932861,1,1
4.411238913536072,1,1
4.418647108078003,1,1
4.527411212921143,1,1
4.529313859939576,1,1
4.549912729263306,1,1
4.551589097976684,1,1
4.677584896087646,1,1
4.488990154266357,1,1
5.059842720031738,1,1
5.218831906318664,1,1
5.2535691785812375,1,1
4.797162537574768,1,1
4.8566469383239745,1,1
4.863311467170716,1,1
4.82290445804596,1,1
4.958554272651672,1,1
5.026810140609741,1,1
5.1995540666580204,1,1
5.208082566261291,1,1
5.267966394424439,1,1
5.334529128074646,1,1
5.446804566383362,1,1
5.493030571937561,1,1
5.581125979423523,1,1
5.597525620460511,1,1
5.5974251174926755,1,1
7.227046351432801,1,1
7.271869955062866,1,1
7.506762971878052,1,1
7.486121826171875,1,1
7.453944702148438,1,1
7.423613233566284,1,1
7.575072345733643,1,1
7.265267267227173,1,1
7.255777983665466,1,1
7.333799057006836,1,1
7.161181135177612,1,1
6.305594139099121,1,1
6.239668946266175,1,1
7.510674686431885,1,1
6.521912693977356,1,1
5.675990591049194,1,1
5.63919225692749,1,1
5.685849261283875,1,1
5.708090686798096,1,1
5.718646478652954,1,1
5.652188310623169,1,1
5.683097977638245,1,1
5.772360544204712,1,1
5.779770536422729,1,1
5.777104067802429,1,1
5.73184136390686,1,1
5.6955173349380495,1,1
5.6521752023696905,1,1
5.563735485076904,1,1
5.57794936656952,1,1
5.525208787918091,1,1
5.583321003913879,1,1
5.346895704269409,1,1
5.61181523323059,1,1
5.64139344215393,1,1
5.691790027618408,1,1
5.670198764801025,1,1
5.71684416770935,1,1
5.7294800662994385,1,1
5.673362245559693,1,1
5.679842057228088,1,1
5.683906860351563,1,1
5.437175989151001,1,1
5.401686749458314,1,1
5.400819020271301,1,1
5.432876749038696,1,1
5.428665018081665,1,1
5.415868673324585,1,1
5.3775674247741705,1,1
5.353161501884461,1,1
5.326988601684571,1,1
5.459213118553162,1,1
5.241868028640747,1,1
5.37373776435852,1,1
5.469620170593261,1,1
5.503566570281983,1,1
5.52145332813263,1,1
5.507161555290223,1,1
5.479000973701477,1,1
5.439355897903443,1,1
5.492467370033264,1,1
5.489758410453796,1,1
5.627655897140503,1,1
5.217544779777527,1,1
5.234863295555115,1,1
5.28034966468811,1,1
5.194844422340394,1,1
5.210805792808532,1,1
5.245567574501038,1,1
5.265671935081482,1,1
5.292118287086487,1,1
5.31762951374054,1,1
5.330879497528077,1,1
5.357893290519714,1,1
5.319165239334106,1,1
5.265513634681701,1,1
5.226534538269043,1,1
5.171308708190918,1,1
5.1774040317535395,1,1
5.190170259475709,1,1
5.2191191577911376,1,1
5.236838989257812,1,1
5.245860962867736,1,1
5.266400051116943,1,1
4.78447952747345,1,1
4.7914882850646965,1,1
4.80445330619812,1,1
4.7585636281967165,1,1
4.774226179122925,1,1
4.793854923248291,1,1
4.7978015756607055,1,1
4.791860399246216,1,1
4.759277725219727,1,1
4.781031999588013,1,1
4.777346744537354,1,1
4.776931915283203,1,1
4.763632135391235,1,1
4.742047004699707,1,1
4.735028014183045,1,1
4.733663063049317,1,1
4.721090359687805,1,1
4.730006065368652,1,1
4.77567636013031,1,1
4.792305455207824,1,1
4.77880690574646,1,1
4.771733770370483,1,1
4.764242210388184,1,1
4.74835816860199,1,1
4.763316311836243,1,1
4.7936121416091915,1,1
4.7758274221420285,1,1
4.765931787490844,1,1
4.760432825088501,1,1
4.750335359573365,1,1
4.767341594696045,1,1
4.718512558937073,1,1
4.748348469734192,1,1
4.763371324539184,1,1
4.765114293098449,1,1
4.749725880622863,1,1
4.707899899482728,1,1
4.675842308998108,1,1
4.674504466056824,1,1
4.709976744651795,1,1
4.718055214881897,1,1
4.739412808418274,1,1
4.6927502250671385,1,1
4.699198470115662,1,1
4.700815005302429,1,1
4.728660497665405,1,1
4.73934868812561,1,1
4.807747678756714,1,1
4.917485432624817,1,1
4.979480466842651,1,1
4.9407998371124275,1,1
4.913579969406128,1,1
5.882487888336181,1,1
6.105895180702209,1,1
7.107747068405152,1,1
7.445927238464355,1,1
7.826358842849731,1,1
7.914011716842651,1,1
8.361137847900391,1,1
8.556886043548584,1,1
8.710560760498048,1,1
8.775895595550537,1,1
8.810065650939942,1,1
8.65674732208252,1,1
8.716208934783936,1,1
8.706047105789185,1,1
8.610926818847656,1,1
8.715796308517456,1,1
8.780836353302002,1,1
8.78951108932495,1,1
8.79505030632019,1,1
8.831466674804688,1,1
8.855524673461915,1,1
8.857028942108155,1,1
9.055815048217774,1,1
9.341590728759765,1,1
9.64043155670166,1,1
9.937898750305175,1,1
9.954991245269776,1,1
9.840133476257325,1,1
9.64799633026123,1,1
9.404462480545044,1,1
9.444088792800903,1,1
9.505388212203979,1,1
9.260087976455688,1,1
9.395368061065675,1,1
9.137212686538696,1,1
9.145315961837769,1,1
8.098467016220093,1,1
8.327083110809326,1,1
8.450561022758484,1,1
8.305871596336363,1,1
8.312625961303711,1,1
8.20899269580841,1,1
7.881840715408325,1,1
7.5170533657073975,1,1
7.209042108058929,1,1
7.03478821516037,1,1
6.948195672035217,1,1
6.891636037826538,1,1
6.89107438325882,1,1
6.899993908405304,1,1
6.990359890460968,1,1
7.088183271884918,1,1
7.432728576660156,1,1
7.465158200263977,1,1
7.3234285593032835,1,1
7.034933054447174,1,1
6.7942991018295285,1,1
6.64599107503891,1,1
6.575906670093536,1,1
6.523282051086426,1,1
6.495643174648285,1,1
6.482766425609588,1,1
6.4816418290138245,1,1
6.481452679634094,1,1
6.478843533992768,1,1
6.477852404117584,1,1
6.481969165802002,1,1
6.491452169418335,1,1
6.50413408279419,1,1
6.514092373847961,1,1
5.893449094295502,1,1
5.716081054210663,1,1
5.454159753322601,1,1
5.466629703044891,1,1
5.501795458793639,1,1
5.529236471652984,1,1
3.441367547512055,1,1
3.5508084392547605,1,1
3.8056978392601017,1,1
3.8848091816902164,1,1
3.979211258888245,1,1
3.996157910823822,1,1
3.985562605857849,1,1
3.9867936134338384,1,1
4.032634220123291,1,1
4.084770367145538,1,1
4.12429744720459,1,1
4.146069362163543,1,1
4.223570487499237,1,1
4.588872592449189,1,1
4.968978507518768,1,1
4.902613086700439,1,1
4.954034640789032,1,1
5.064513206481934,1,1
5.155555698871613,1,1
5.337529003620148,1,1
5.60195880651474,1,1
5.655218360424042,1,1
5.65756463766098,1,1
5.596744403839112,1,1
5.39309335231781,1,1
5.551153542995453,1,1
5.8141390585899355,1,1
5.719530730247497,1,1
5.882591450214386,1,1
5.767480976581573,1,1
5.6634879755973815,1,1
5.442599775791168,1,1
5.383262705802918,1,1
5.3839255046844485,1,1
5.436332752704621,1,1
6.153514649868012,1,1
4.697956845760346,1,1
4.549923622608185,1,1
4.615126700401306,1,1
4.845734300613403,1,1
4.970691242218018,1,1
5.308109707832337,1,1
5.377247347831727,1,1
5.123525085449218,1,1
4.3881969118118285,1,1
4.333516700267792,1,1
4.277785365581512,1,1
4.16860601902008,1,1
4.105978229045869,1,1
4.071491940021515,1,1
3.978376958370209,1,1
3.962081379890442,1,1
3.898322954177856,1,1
3.8234823608398436,1,1
3.9480533146858217,1,1
4.221972811222076,1,1
4.0510344886779786,1,1
4.108808932304383,1,1
3.920471408367157,1,1
3.9406027889251707,1,1
4.092196843624115,1,1
4.148083448410034,1,1
4.20287130355835,1,1
4.16314080953598,1,1
4.111123788356781,1,1
4.032384560108184,1,1
3.999049162864685,1,1
4.029512419700623,1,1
3.943323013782501,1,1
3.8645283484458925,1,1
3.857713282108307,1,1
3.7770243501663208,1,1
3.5075024366378784,1,1
3.5102277898788454,1,1
3.52090603351593,1,1
3.4499055504798894,1,1
3.4159310841560364,1,1
3.363496193885803,1,1
3.3087092733383177,1,1
3.262815256118774,1,1
3.233424890041351,1,1
3.2153429532051088,1,1
3.2057249402999877,1,1
3.1981777501106263,1,1
3.194557819366455,1,1
3.1905555629730227,1,1
3.1893960189819337,1,1
3.1808409404754636,1,1
3.1774882745742796,1,1
3.1762319850921634,1,1
3.188061773777008,1,1
3.2012240386009214,1,1
3.2338088536262513,1,1
3.2895785593986515,1,1
3.3454121136665345,1,1
3.3797500371932983,1,1
3.4185759019851685,1,1
3.475921475887299,1,1
3.552666230201721,1,1
3.6409234189987183,1,1
3.7189744210243223,1,1
3.8122431492805484,1,1
3.89810129404068,1,1
3.9852042198181152,1,1
4.039745702743531,1,1
4.0723894143104555,1,1
4.072437670230865,1,1
4.0290516138076775,1,1
3.9433489441871643,1,1
3.8541088032722475,1,1
3.793627607822418,1,1
3.7808082675933834,1,1
3.786128013134003,1,1
3.8006180286407467,1,1
3.855891292095184,1,1
3.936016275882721,1,1
4.050272171497345,1,1
4.185312769412994,1,1
4.349504680633545,1,1
4.53469809293747,1,1
4.373207416534424,1,1
4.415229127407074,1,1
4.355839378833771,1,1
4.353438317775726,1,1
4.374980115890503,1,1
4.469031622409821,1,1
4.542588183879852,1,1
4.672724094390869,1,1
4.825137906074524,1,1
4.963318419456482,1,1
5.063458251953125,1,1
5.153783431053162,1,1
5.105959963798523,1,1
5.451663184165954,1,1
5.663140482902527,1,1
5.880016913414002,1,1
6.103310227394104,1,1
6.403801031112671,1,1
6.610858821868897,1,1
7.040779047012329,1,1
7.164322280883789,1,1
7.257818422317504,1,1
7.344920949935913,1,1
7.362771577835083,1,1
7.375846824645997,1,1
7.028582067489625,1,1
6.86534743309021,1,1
6.719503355026245,1,1
6.613525295257569,1,1
6.8123171997070315,1,1
6.975398073196411,1,1
7.091125974655151,1,1
7.168352727890015,1,1
7.232138929367066,1,1
7.344684038162232,1,1
7.448673305511475,1,1
7.542861347198487,1,1
7.628105840682983,1,1
7.663554296493531,1,1
7.67413251876831,1,1
7.675660362243653,1,1
7.676868104934693,1,1
7.660656566619873,1,1
7.617153434753417,1,1
7.614833488464355,1,1
7.592490377426147,1,1
7.5194352245330816,1,1
7.522496643066406,1,1
7.294656128883362,1,1
7.233098216056824,1,1
7.179253029823303,1,1
7.32448676109314,1,1
7.308606910705566,1,1
7.230159063339233,1,1
6.512338757514954,1,1
6.227592411041259,1,1
6.477143487930299,1,1
4.857679224014282,1,1
4.288891470432281,1,1
4.137437615394592,1,1
3.913064196109772,1,1
3.8275147438049313,1,1
3.7960092830657954,1,1
3.775102384090424,1,1
3.7767331910133364,1,1
3.7711084794998166,1,1
3.765752637386322,1,1
3.750211465358734,1,1
3.7461279797554017,1,1
3.7354942989349365,1,1
3.699567894935608,1,1
3.6899084901809696,1,1
3.6719529676437377,1,1
3.6452406120300296,1,1
3.628021352291107,1,1
3.6105568027496338,1,1
3.5961820960044864,1,1
3.5784235644340514,1,1
3.5506105422973633,1,1
3.5287153840065004,1,1
3.567559342384339,1,1
3.572746295928955,1,1
3.5671590971946716,1,1
3.56234030008316,1,1
3.568358390331268,1,1
3.5716136026382443,1,1
3.5739435696601864,1,1
3.5750468468666075,1,1
3.5676870751380916,1,1
3.568130648136139,1,1
3.572158215045929,1,1
3.565441007614136,1,1
3.561729290485382,1,1
3.555207123756409,1,1
3.567924461364746,1,1
3.5680039620399473,1,1
3.5996926784515377,1,1
3.6267324352264403,1,1
3.650890371799469,1,1
3.704670417308807,1,1
3.7136208629608154,1,1
3.7206820535659793,1,1
3.761802251338959,1,1
3.8378051662445065,1,1
3.9426289319992067,1,1
4.1041181588172915,1,1
4.215736184120178,1,1
4.309324865341186,1,1
4.393721060752869,1,1
4.455892581939697,1,1
4.510539770126343,1,1
4.538668165206909,1,1
4.547535514831543,1,1
4.621207194328308,1,1
4.557279419898987,1,1
4.428247094154358,1,1
4.2418171453475955,1,1
4.084436476230621,1,1
4.061425166130066,1,1
3.982198951244354,1,1
3.981580822467804,1,1
4.000123360157013,1,1
4.090940158367157,1,1
4.263723785877228,1,1
4.454392247200012,1,1
4.656374650001526,1,1
4.890825295448304,1,1
5.097537970542907,1,1
5.413708353042603,1,1
5.648184838294982,1,1
5.9551109790802,1,1
6.135485053062439,1,1
6.282749218940735,1,1
6.481115193367004,1,1
6.4741067123413085,1,1
6.518757843971253,1,1
6.393439927101134,1,1
6.476651062965393,1,1
6.366964964866638,1,1
6.282123718261719,1,1
6.221935486793519,1,1
6.257579874992371,1,1
6.147695298194885,1,1
6.028268485069275,1,1
6.225511255264282,1,1
6.109665470123291,1,1
5.951954030990601,1,1
5.864696950912475,1,1
5.652750754356385,1,1
5.481366319656372,1,1
5.434891986846924,1,1
5.534977312088014,1,1
5.719456734657287,1,1
5.953051886558533,1,1
6.225679764747619,1,1
6.435736603736878,1,1
6.583718581199646,1,1
6.689814653396606,1,1
6.807925276756286,1,1
6.88619529247284,1,1
6.965298867225647,1,1
7.0019161939620975,1,1
7.024044032096864,1,1
7.013884844779968,1,1
6.987745442390442,1,1
6.974941897392274,1,1
6.940883774757386,1,1
6.924350266456605,1,1
6.882303171157837,1,1
6.815369157791138,1,1
6.778963651657104,1,1
6.7680493211746215,1,1
6.698076157569885,1,1
6.627021269798279,1,1
6.537397532463073,1,1
6.4008422946929935,1,1
6.269990177154541,1,1
6.128004636764526,1,1
6.021765480041504,1,1
5.939337229728698,1,1
5.823261847496033,1,1
5.780199055671692,1,1
5.733491344451904,1,1
5.703766674995423,1,1
5.598829593658447,1,1
5.353974280357361,1,1
4.9706143426895135,1,1
4.688195343017577,1,1
4.49034327507019,1,1
4.3922318792343145,1,1
4.455961108207703,1,1
4.488096709251404,1,1
4.577028832435608,1,1
4.743269066810608,1,1
4.987462105751037,1,1
5.193843541145325,1,1
5.554911961555481,1,1
5.730385899543762,1,1
5.786303687095643,1,1
5.770855731964112,1,1
5.646645174026489,1,1
5.222225184440613,1,1
4.665634088516235,1,1
4.900901944637298,1,1
4.693858540058136,1,1
4.584278264045715,1,1
4.542429151535035,1,1
4.527507765293121,1,1
4.523831229209899,1,1
4.514551815986633,1,1
4.510240647792816,1,1
4.506786370277405,1,1
4.502098491191864,1,1
4.497454686164856,1,1
4.493669209480286,1,1
4.4839064979553225,1,1
4.4732042407989505,1,1
4.487992432117462,1,1
4.485237867832184,1,1
4.4852462577819825,1,1
4.485700430870056,1,1
4.482251238822937,1,1
4.510975122451782,1,1
4.657395689487457,1,1
4.861239669322967,1,1
5.104911341667175,1,1
5.342414555549621,1,1
5.4611624288558955,1,1
5.709631083011628,1,1
6.003568270206451,1,1
6.266299111843109,1,1
6.401122252941132,1,1
6.385166113376617,1,1
6.390878822803496,1,1
6.620413959026337,1,1
6.62017320394516,1,1
6.611322772502899,1,1
6.632909190654755,1,1
6.5851103925704955,1,1
6.574205865859986,1,1
6.549883968830109,1,1
6.511964998245239,1,1
6.47048896074295,1,1
6.424810841083526,1,1
6.370296556949615,1,1
6.501369571685791,1,1
6.510470249652863,1,1
6.391879098415375,1,1
6.4099632930755615,1,1
6.441213359832764,1,1
6.505517551898956,1,1
6.580863606929779,1,1
4.527186737060547,1,1
4.53169632434845,1,1
4.510331370830536,1,1
4.4866938352584835,1,1
4.137724869251251,1,1
4.157224133014679,1,1
4.207611408233642,1,1
4.246197993755341,1,1
4.306636757850647,1,1
4.357703149318695,1,1
4.422995002269745,1,1
4.511432421207428,1,1
4.718677062988281,1,1
4.935146479606628,1,1
5.136961753368378,1,1
6.66764574766159,1,1
6.551407208442688,1,1
5.554255890846253,1,1
6.863650941848755,1,1
6.916188657283783,1,1
5.534191062450409,1,1
6.760944159030914,1,1
6.502473237514495,1,1
5.981641290187835,1,1
6.167729346752167,1,1
6.873742990493775,1,1
6.466033389568329,1,1
6.670441513061522,1,1
6.953269124031067,1,1
6.840386319160461,1,1
6.760119819641114,1,1
6.699827408790588,1,1
6.639767277240753,1,1
6.584616017341614,1,1
6.1488886737823485,1,1
6.253805725574494,1,1
6.483252441883087,1,1
4.569260940551757,1,1
4.722017228603363,1,1
5.894090211391449,1,1
6.464335358142852,1,1
6.462347733974457,1,1
6.431209776401519,1,1
4.244888186454773,1,1
4.222234697341919,1,1
4.186031067371368,1,1
4.24093402147293,1,1
4.085856800079346,1,1
4.0395943498611455,1,1
3.9747211933135986,1,1
3.937067189216614,1,1
3.9755492186546326,1,1
3.906022574901581,1,1
3.8558770012855534,1,1
3.8428518962860108,1,1
3.791716368198395,1,1
3.937390880584717,1,1
3.8769955253601074,1,1
3.917319355010986,1,1
3.9818844962120057,1,1
3.8658525562286377,1,1
3.9121967625617984,1,1
3.8785949277877805,1,1
3.8904181480407716,1,1
4.074985418319702,1,1
4.0909719252586365,1,1
4.124507465362549,1,1
4.05760222196579,1,1
4.103320517539978,1,1
4.126089150905609,1,1
4.15573555469513,1,1
4.207493822574616,1,1
4.273944828510284,1,1
4.29436980009079,1,1
4.328254621028901,1,1
4.242531778812409,1,1
4.380244510173798,1,1
4.384054381847381,1,1
4.410957765579224,1,1
4.427194566726684,1,1
4.366933112144471,1,1
4.307551760673523,1,1
4.237837796211243,1,1
4.238491148948669,1,1
4.226892876625061,1,1
4.220935270786285,1,1
4.139096975326538,1,1
4.095573201179504,1,1
3.935207018852234,1,1
4.012316179275513,1,1
4.051105420589447,1,1
4.096674151420593,1,1
4.132619078159332,1,1
4.106063210964202,1,1
4.126237258911133,1,1
4.072871251106262,1,1
4.065304458141327,1,1
4.111435647010803,1,1
4.094152355194092,1,1
4.169273869991303,1,1
4.2791656136512755,1,1
4.356535794734955,1,1
4.556010458469391,1,1
4.765888171195984,1,1
4.948230834007263,1,1
4.962456419467926,1,1
5.027839703559875,1,1
5.124769172668457,1,1
5.101263446807861,1,1
5.198457608222961,1,1
5.527571499347686,1,1
6.278367099761963,1,1
6.7807562637329095,1,1
6.432538242340087,1,1
6.5508420753479,1,1
7.44179440498352,1,1
7.552223181724548,1,1
7.61259518623352,1,1
7.67131356716156,1,1
7.64679334640503,1,1
7.536085653305054,1,1
7.533625650405884,1,1
7.515421056747437,1,1
7.645572233200074,1,1
7.590628199577331,1,1
7.552478923797608,1,1
7.475564932823181,1,1
7.50775652885437,1,1
7.486380138397216,1,1
7.4550735569000235,1,1
7.592937407493591,1,1
7.588275694847106,1,1
7.581013321876526,1,1
7.384622621536255,1,1
6.4360861992836,1,1
6.164823498725891,1,1
6.070737242698669,1,1
6.204002282619475,1,1
6.397555735111236,1,1
6.43068026304245,1,1
6.451405508518219,1,1
6.445160100460052,1,1
6.457114567756652,1,1
6.474084887504578,1,1
6.455527842044829,1,1
6.441546056270599,1,1
6.416009652614593,1,1
6.248599398136139,1,1
6.250903785228729,1,1
6.258916206359863,1,1
6.246365675926208,1,1
6.135469567775726,1,1
4.012092454433441,1,1
4.0149560427665705,1,1
4.018782258033752,1,1
4.055730762481689,1,1
4.10823523759842,1,1
4.1515534353256225,1,1
4.166361002922058,1,1
4.149455554485321,1,1
4.057602844238281,1,1
4.077236766815186,1,1
4.200015995502472,1,1
4.3376036691665645,1,1
4.150718855857849,1,1
4.1583442521095275,1,1
4.242398512363434,1,1
4.252999646663666,1,1
4.3199064373970035,1,1
4.330986363887787,1,1
4.283998367786408,1,1
4.2602796196937565,1,1
4.5386073517799375,1,1
4.4610378193855285,1,1
4.5210262799263,1,1
4.4752347064018245,1,1
4.520981655120849,1,1
4.533212478160858,1,1
4.7168763256073,1,1
4.7834622550010675,1,1
4.80207736492157,1,1
4.867523500919342,1,1
4.861920778751373,1,1
4.8551014804840085,1,1
4.775409049987792,1,1
4.607469909191131,1,1
4.337137367725372,1,1
4.337920439243317,1,1
4.349601089954376,1,1
4.346168463230133,1,1
4.343513891696929,1,1
4.339149038791656,1,1
4.334256134033203,1,1
4.340217771530151,1,1
4.333852686882019,1,1
4.3455260515213014,1,1
4.347791333198548,1,1
4.333326108455657,1,1
4.349260928630829,1,1
4.380231943130493,1,1
4.390513355731964,1,1
4.305012462139129,1,1
4.302599225044251,1,1
4.341837508678436,1,1
4.355212783813476,1,1
4.369113986492157,1,1
4.378813037872314,1,1
4.145885438919067,1,1
4.125181744098663,1,1
4.1184932899475095,1,1
4.072635624408722,1,1
3.8173617815971372,1,1
3.858331882953644,1,1
3.8828432512283326,1,1
3.8977083373069763,1,1
3.8445441460609437,1,1
3.857166428565979,1,1
3.9328653883934024,1,1
4.064704158306122,1,1
4.106012465953827,1,1
4.100199942588806,1,1
4.089105911254883,1,1
4.196376166343689,1,1
4.2684655761718755,1,1
4.300842199325562,1,1
4.324960453510284,1,1
4.238030560016632,1,1
4.285145204067231,1,1
4.281930274963379,1,1
4.305796523094178,1,1
4.321582400798798,1,1
4.282164866924286,1,1
4.2825785160064695,1,1
4.307390570640564,1,1
4.330016007423401,1,1
4.335735070705414,1,1
4.174895951747894,1,1
4.170953803062439,1,1
4.112288782596588,1,1
4.142778787612915,1,1
4.157556657791138,1,1
4.132442388534546,1,1
4.118046298027038,1,1
4.122483229637146,1,1
4.125214660167694,1,1
4.113401505947113,1,1
4.126708710193634,1,1
4.113486907482148,1,1
4.113312819004059,1,1
4.106442551612854,1,1
4.053636546134949,1,1
3.9030926179885865,1,1
3.8536587357521057,1,1
3.9942809343338013,1,1
3.896101813316345,1,1
3.8619954442977904,1,1
4.381214807033539,1,1
4.3816057658195495,1,1
4.384212293624878,1,1
4.133393039703369,1,1
4.242064223289489,1,1
4.31019029378891,1,1
4.3448186564445495,1,1
4.290361850261688,1,1
4.3517594814300535,1,1
4.372647078037262,1,1
4.335285165309906,1,1
4.302462162971496,1,1
4.263953180313111,1,1
4.2784120464324955,1,1
4.266982514858245,1,1
4.23275714635849,1,1
4.213764023780823,1,1
4.339102671146392,1,1
4.467752890586853,1,1
4.470131967067719,1,1
4.460381956100464,1,1
4.424631242752075,1,1
4.455236887931823,1,1
4.407526576519013,1,1
4.452982501983643,1,1
4.444788675308227,1,1
4.437031984329224,1,1
4.431848862171173,1,1
4.429442834854126,1,1
4.420193073749543,1,1
4.423353383541107,1,1
4.3682050609588625,1,1
4.335891036987304,1,1
4.420720591545105,1,1
4.416545872688293,1,1
4.420599226951599,1,1
4.408398213386535,1,1
4.413022775650025,1,1
4.375380802154541,1,1
4.232925763130188,1,1
4.2269313478469845,1,1
4.195344865322113,1,1
4.185441606044769,1,1
4.0189918780326845,1,1
4.003535461425781,1,1
4.03120308637619,1,1
3.980200600624084,1,1
4.15678005695343,1,1
4.0886312365531925,1,1
4.079867229461669,1,1
